Agustin,Downs,952 Mathews St,Humphrey Valley,ND,96968,agustin.downs@tbeatty.com,$2b$10$dewDGVedKshMPrEzqNMqeuXAm2hAHkJR.71zy5u1P1cyif6anC4eu,(982) 83-5191
Leah,Vazquez,359 Cook Way,Wynn Bridge,GA,88093,leah.vazquez@tbeatty.com,$2b$10$7DfF9Sx40ZvBpf/tejrOquv3SboJGU9ql41S8SU4WGy.i4sQn2mmy,(544) 880-7105
Eliezer,Ortiz,529 Shelton Dr,Patrick Pond,NV,26729,eliezer.ortiz@tbeatty.com,$2b$10$bxDguZz1I3jvirdfdlzCsuLgPPd2rxi.JBLjbhYRXXYYAG.2mP3x6,(810) 335-8405
Mohammed,Ramirez,961 Solis St,Serranotown,ME,66509,mohammed.ramirez@tbeatty.com,$2b$10$kO654cIn3oZOI.NZld7BnOOnEAQQ7vN2JRHgHHrY3n8DD/fy9TbO.,(326) 788-6060
Blair,Richards,593 Jefferson Dr,Bondtown,MI,18284,blair.richards@tbeatty.com,$2b$10$uampmJ8SeQKldwp1V0PW2.8xXVgd6Ksf/vuj5FH0TNhFrkUaBaf2a,(47) 255-7050
Brayden,Benson,530 Edwards Ct,O'neill Pond,KS,68194,brayden.benson@tbeatty.com,$2b$10$UbcsIb3Y0LfM2UuC3EO1iOoWI7JjBh/S7sZYotuDn8CxVNhHNy90a,(649) 627-8946
Asia,Velez,524 Mcintyre Ln,Stanley Springs,NV,87162,asia.velez@tbeatty.com,$2b$10$7XhGjBl8qw16p/onSTMKpONKFIsRZMEfv5JmIZJSmmCIMPmrMbdr.,(583) 199-4250
Abby,Chen,307 Bond St,Mayer Creek,IA,63768,abby.chen@tbeatty.com,$2b$10$o4oHao0hUaICaNrea4khEenIIqx.8YjPqgpBRnXWDR.HLQSp0vszO,(98) 642-5029
Paula,Berger,100 Terry Rd,Russell Bridge,NE,20224,paula.berger@tbeatty.com,$2b$10$0Mz5FIb71ItGJjbcOYkHx.vzj1a4UbfRKpW1sfxeJ3km8vOOpfcBm,(962) 632-7728
Hudson,Elliott,558 Fuentes Pass,Tyson Lake,SC,55926,hudson.elliott@tbeatty.com,$2b$10$vHnYnoezGiLTeVEtt1W.RO3EBw4D6cBXdTncTh0NhQaRrAR5iT9ZG,(567) 834-4019
Kyler,Buck,762 Burks Rd,Long Springs,FL,85828,kyler.buck@tbeatty.com,$2b$10$HPMssanm3gIY7VaoHIk2puQ5LmeFgzdbMheOF.uFjKt3bekbfPBp.,(770) 232-5214
Alejandro,Mcmahon,164 Sanchez St,Mason Lake,KS,66016,alejandro.mcmahon@tbeatty.com,$2b$10$D05U8dprHH9/dBrAAtk5pO.sXDyVyKn.ZvyrqFsPthAgLSVuWSrui,(651) 82-9197
Eric,Simon,924 Hickman Pass,Herring Pond,ME,54957,eric.simon@tbeatty.com,$2b$10$N4ueY6fiKTrtWLZpGH7Eu.UIOEqNsev0UwEtjvCjSdeHI1ura75Qe,(182) 54-9955
Paula,Howard,589 Madden Cir,Howeburg,MT,72015,paula.howard@tbeatty.com,$2b$10$Z5RuV/gAeKHYu1B/4rnaWOTwdeHKOzqtLeKiybQhVGol0dVG/Tf0a,(938) 0-5207
Devonte,Snider,354 Burke Dr,Craftmont,MI,85953,devonte.snider@tbeatty.com,$2b$10$o6Rt5IrRI9cO45a3cuKGf.yo/kXKJDC.jFqVeKlZ5d4jZ.OXg00HO,(102) 181-8372
Julio,Mcbride,74 Battle Way,Ayers Valley,HI,45397,julio.mcbride@tbeatty.com,$2b$10$6OCikGeaxSxuzjOCIAYvVO7InH4RmMapALL9kshtMSd6uthJntpaW,(93) 534-8990
Tony,Francis,114 Harris Ave,Briggsville,IL,13680,tony.francis@tbeatty.com,$2b$10$bttKr1kt4Z35FzqjotlNFewyXWHo3sQAJpIOcNei6qn6/LAtH9L26,(601) 289-6296
Kurt,Waller,765 Horn Ln,Colon Bridge,DC,96467,kurt.waller@tbeatty.com,$2b$10$VNQzUCHr4D8C1BWogkYJvedPrEtqbmfz6mBt6k4Uq/ph1c8pdr/u.,(684) 399-3007
Desirae,Dickson,946 Davenport Ln,Francoville,PA,98412,desirae.dickson@tbeatty.com,$2b$10$w469rClBkKjrSbHCjECps.cLfzTfjwXn/4.JjHWn0WDNqHXvopUiq,(223) 69-9056
Pamela,Pate,291 Contreras Cir,Neal Springs,MA,87834,pamela.pate@tbeatty.com,$2b$10$GXQ8v33vxk/9xYF4e5gX2eLfr1JtuvJKaj2JDoNNNO1R0F0225tB6,(651) 902-5279
Johnny,Hurley,88 Nixon Ln,Neal Creek,AR,24382,johnny.hurley@tbeatty.com,$2b$10$OxUKfLMBL68zUqWoBmQScecUnXPyj9CP.qfSKddW/BssmIux6WhSe,(899) 443-6328
Helen,Branch,627 Gutierrez Blvd,Chasetown,OK,78530,helen.branch@tbeatty.com,$2b$10$P7NjuoYm2lVvBZqPZmfpxeo.Fqm/QZwaaoqWrCkPqn8X5FtKnA0bm,(84) 258-6542
Rudy,Figueroa,959 Knight Ct,Fitzgeraldburg,TN,44332,rudy.figueroa@tbeatty.com,$2b$10$AhsbHlE.dGY2MmW6bRnBT.M1/wuVHo5gp69qMof.FBgv8COHCmp66,(458) 231-8209
Tayler,Mcgee,782 Knowles Blvd,Harmonville,GA,96212,tayler.mcgee@tbeatty.com,$2b$10$U6gqZd4jdGc1UsRBt10N6.Wmtc6s3tdzU4sedvYWPR3JNXVvOSmHa,(634) 262-6699
Harry,Bird,362 Crawford Cir,Yatesville,OK,86997,harry.bird@tbeatty.com,$2b$10$5NVN32dRTymMzIZxalqcAuuEbrCCVaX.kkfnhXvsLoar23l7jyli6,(125) 915-7909
Mathew,Harrison,279 Espinoza Rd,Campbell Fork,LA,64084,mathew.harrison@tbeatty.com,$2b$10$xznRhoht7SpdeZWRJxe.heeTEaqpV7YvRkHari2SkumK0RdhDhJ4m,(559) 660-7681
Codie,Beatty,57 Gomez Rd,Hoover City,VT,26631,codie.beatty@tbeatty.com,$2b$10$Jo.XUX2mapxjyagXN87BPOh3m5Fs/8ETUSAU6dm8ZM80Os.DQ0Uf2,(903) 657-3774
Celine,Roberts,921 Massey Cir,Marshalltown,GA,50614,celine.roberts@tbeatty.com,$2b$10$jky3MCxeYIKGh6yrt8tVDenorSpSwnuImA6LabRrgoNkNB8b50Fy6,(192) 959-6722
Bryce,Reyes,338 Collins Blvd,Spears Valley,OK,32943,bryce.reyes@tbeatty.com,$2b$10$r/xZr6bZhgghejkGPw2Q5.zvhXpyNY4TLchdi3m0DTfch6zkwqkhm,(50) 574-1994
Mitchel,Contreras,590 Burt Rd,Burgessburg,IL,42213,mitchel.contreras@tbeatty.com,$2b$10$0IZS5tAzDpGxlt.Wv/XuKeikvqf6EjIw3Fo0oQitNO3TxbInqP8Xu,(911) 652-6297
Sebastian,Foreman,750 Mcfadden Ct,Wilcox Bridge,NV,85707,sebastian.foreman@tbeatty.com,$2b$10$y7131IxiCWxj65xsCVgP5ey9G34/IXUxvy4sWAaE.jZ3fRGOvsx5O,(859) 291-4255
Cortney,Hartman,796 Rollins Cir,Wallace City,OH,89477,cortney.hartman@tbeatty.com,$2b$10$g7bFNOLs5X3CK/v5qIOReuewYV1/X9y99v5iGRd3TfDZtXI2kBcAK,(336) 364-3599
Kristofer,Robinson,809 Mathews Way,Mcintyre Fork,MN,20157,kristofer.robinson@tbeatty.com,$2b$10$QYXMxKtt30l8ChcaGIyUWu3QO9R323x5bpGMcdDEJTtyKtcKxjReC,(632) 948-8872
Mayra,Hanson,778 Kidd Cir,Valdez City,WY,21817,mayra.hanson@tbeatty.com,$2b$10$kRciNGx9FdgQPyLM/WOmt.mmk/rIYhfy52xUj9a9bxo7XTZ1ppVDG,(998) 834-9036
Remington,Small,188 West Ln,Gordon Valley,ME,67436,remington.small@tbeatty.com,$2b$10$6AfYtzzzHdz5CHlzr68MHu7pAtoLBt8LrumncS3g6.r3k.Nw/ECJ2,(610) 382-9551
Ellis,Solis,431 Fields Rd,Mckinney Lake,WY,99854,ellis.solis@tbeatty.com,$2b$10$/mf66c4MjEuyKF4UkkdJfepjk.JvhRRu7P.yWjuhVej4mpcKL6Xuy,(228) 429-6527
Dakotah,Lamb,905 Berry St,Reyestown,TX,90052,dakotah.lamb@tbeatty.com,$2b$10$UA1.fy7/Prt2W/l1a4V9I.50HG6nNDc0iEMESY3Ky9KscG5BXQ07y,(208) 686-9761
Jordyn,Clayton,814 Morton Blvd,Estes Bridge,UT,68660,jordyn.clayton@tbeatty.com,$2b$10$4YF7YvKIn/5hEkuSzwzwYOZ3ce.5oWHQ5F9q/IVOylxkdAqiLYS7O,(671) 38-1150
Ella,Newman,737 Armstrong Dr,Miller City,ID,87143,ella.newman@tbeatty.com,$2b$10$qRLdPo6/KiQlnqmv5quS6.smTQujKvD.tOl.vGyqdkFvjHCsp3J0a,(781) 18-2439
Mackenzie,Stanton,586 Powell Ct,Clarke Springs,OH,78566,mackenzie.stanton@tbeatty.com,$2b$10$Ah4vQcySHpqprIswAPuCk.3sDHjaHjdd6wfC3c7E5bn7SR8evOSqe,(699) 767-2029
Kareem,Dunlap,769 Stewart Ave,Norris Pond,CO,91253,kareem.dunlap@tbeatty.com,$2b$10$LAU/FoAxRboAKLyvtq3lQ.Kh6MmXXqkxs1lHi/hUWNrrHXimnA8LS,(801) 395-3210
Sarai,Craft,795 Gross Blvd,Walshville,MN,60190,sarai.craft@tbeatty.com,$2b$10$.Zu1uQXkUlk3vNyfieaElu3vAAfRHi4k7Zk.0OJjuYg/O3c6akNy6,(309) 521-7918
Kellen,Rios,922 Sargent Ln,Gallowaytown,OR,91874,kellen.rios@tbeatty.com,$2b$10$chdl08rgzvRiAPbzBMX6UO6SX8G28sQcLqtOtGbdrNlC0ptvHS.Xa,(104) 882-1197
Regan,Johnston,214 Hudson St,Wyatt River,IL,69557,regan.johnston@tbeatty.com,$2b$10$fTZ8IMJ57iACq5rCVUT2/.o7pxy4Zoox9fwiniqXPxm9D9sDL0iB6,(33) 424-9581
Adrien,Andrews,203 Horton Pass,Velez Valley,RI,94647,adrien.andrews@tbeatty.com,$2b$10$U8YqZgGTIxCISUDjGRHpjOdIq3Ta8CVCI1vusFPoiL1mFUJIDCCuW,(903) 964-2646
Mikaela,Potter,178 Buckley Blvd,Ferrell Bridge,NH,31462,mikaela.potter@tbeatty.com,$2b$10$UsvfJIZiqQoYuRdpuJRteez94QSwQNSsQhDzx7ZBVOVBVHgRjzG5y,(711) 84-5635
Javon,Davis,180 Gibbs Ave,Cleveland Creek,MA,40330,javon.davis@tbeatty.com,$2b$10$M2OndRYmN7tUAkGV6oZKL.GaCdnwRyFNE6U5Gv63dXJc1cADlcI0u,(305) 465-1311
Adrien,Edwards,877 Frye Dr,Knapp City,VA,60026,adrien.edwards@tbeatty.com,$2b$10$YW0j.y1TWzactVkDz50GzOnPSaf66vuIQanZaNcTzGFTZO95eY5p.,(136) 83-8911
Stacey,Morris,55 Roberts St,Herrera Springs,NE,39715,stacey.morris@tbeatty.com,$2b$10$90dzwzCvYRquP43gHWyK1O44Z4la2hH1y/Q3LMOxsrhR.bK6wnawG,(785) 753-5906
Dalia,Rojas,220 Webb Blvd,Castrotown,UT,93985,dalia.rojas@tbeatty.com,$2b$10$45fJHSe45Vgr0thF.WpZ..e3E7lMCxUj7HshjnTY1EEPT1vN8UMEG,(698) 38-9342
Adan,Parker,215 Castillo Pass,Jacobsontown,OR,78021,adan.parker@tbeatty.com,$2b$10$.zct26VQOiEuSmEl7ndDtuG9480mS6O17bZDYZouixuS0fPX6ZsbK,(866) 973-5013
Macy,Cook,290 Warner Ave,Jimenezmont,IL,13727,macy.cook@tbeatty.com,$2b$10$VIq8zvunTRCmTQKy4aDzT.xrKwIjRcrDZxzZCYuOV4abTebYeHT5e,(878) 578-3598
Britney,Hampton,49 Delaney Ave,Lindsayville,SD,22845,britney.hampton@tbeatty.com,$2b$10$Drz3FgTh/zOzoHJpKEa8jOPGQrwtMNsyu/3ntmnC5VjGRePE0wDQy,(434) 869-6941
Bernardo,Dennis,448 Rocha Cir,Grimes Pond,MO,15344,bernardo.dennis@tbeatty.com,$2b$10$xJ7BR01ejqkzb71VI88F1.Eq65pB9.c/uUdGJCdFm9EwVuwKC7gvq,(105) 605-5717
Kassie,Shepherd,770 Wilcox Blvd,Melendez City,SC,88184,kassie.shepherd@tbeatty.com,$2b$10$/Zmn/.7VV4F2nMEuoTPgsOId6f6g/0NTb2dBRo8XnGFPx.Eiw2hha,(914) 856-2994
Kelsi,Graves,268 Reeves Ave,Espinoza Pond,TX,30702,kelsi.graves@tbeatty.com,$2b$10$7G40FoYSajIMoGWDpo65YeHOzuoepUasKVZzwpz6KV.D56S1wq6yC,(762) 161-6837
Luke,Brown,376 Cameron Cir,Kirkland Island,ND,13290,luke.brown@tbeatty.com,$2b$10$18GRVuQv7gt2lJn28YNTfu0MsKkouc7x9OBn.YOB.OrYqLr3YXnRS,(109) 124-6368
Sylvia,Meyer,186 Barnett Cir,Pettyville,GA,35277,sylvia.meyer@tbeatty.com,$2b$10$o394QncGijDs12ZEKYceEe.ZTSHkThDgxHBZtz2rBT4oEMryAqq.C,(504) 303-7374
Tiffany,Lucas,204 Dickson Ln,Madden River,WA,38490,tiffany.lucas@tbeatty.com,$2b$10$l2wMbZDA4k5L3vI5qef5RO7rP0NO/jmyohRWhB91Tzylipmr7PHOS,(168) 322-3263
Shaina,Carrillo,149 Harrison Pass,Kerr Lake,MO,84042,shaina.carrillo@tbeatty.com,$2b$10$F7XF63f9HxCJW0wBXymHkOGR3jn6V0aiQ9zEM/0W/L.YKGM/V807W,(282) 623-8974
Krysta,Wall,631 Mayo Dr,Blairville,HI,28987,krysta.wall@tbeatty.com,$2b$10$GJR76wWDykY1ltOZk1zzDOxGfBet7YKTJZW89yvx2x25HpJldkUhy,(498) 113-3581
Sade,Kramer,217 Payne Ct,Mercado Valley,LA,47665,sade.kramer@tbeatty.com,$2b$10$xZP/7e0REmx1cMSrpZDm9e7cUD3k.PGoquFOlXZWevKYYFH7AOSO.,(746) 164-5505
Danny,Lynn,366 Vang Cir,Reid Lake,ID,91913,danny.lynn@tbeatty.com,$2b$10$vS6C6.H94c8kJHKJ4OxVs.3d0klzWlDFT7Y5O9SFBp4/gxoNj3DYW,(905) 546-8258
Domonique,Cain,933 Alston Dr,Horne City,AK,37879,domonique.cain@tbeatty.com,$2b$10$BlEb7XQ.Y64j7nTViteurOKOALiPOeNcrFP0VBRWzddtwUMz8rvgy,(294) 501-6453
Kassidy,Castillo,94 Stafford Ave,Rich Springs,ME,15337,kassidy.castillo@tbeatty.com,$2b$10$LiOATx2g.08SNPL.zPJOGu9xCXjbkT7Zg.aWAYVAS/.aNY.GnEVai,(853) 652-4996
Lacey,Wade,349 Townsend Pass,Lucas Pond,NJ,63198,lacey.wade@tbeatty.com,$2b$10$wn1dqGR70MS9mRhf7kEz8.0tn5lsWIX2frDwXWbRGEc4E0dV.u/ou,(921) 421-6250
Meranda,Chandler,802 Stephens Ln,Calhoun City,VA,93367,meranda.chandler@tbeatty.com,$2b$10$ZvXp015V5ty0inSH9Anwiuezoglzaaf.IOr5jltmYFHfWpolaf3wq,(430) 659-3150
Moshe,Maddox,510 Rosario Ln,Sparks Springs,OH,81217,moshe.maddox@tbeatty.com,$2b$10$jwXT4hl9qEXn1bbNGm3mYuWHJD7qfAcXK2agYOIp3LGiXEBXoP9RO,(722) 27-5453
Humberto,Jensen,742 Sparks Way,Powers Bridge,PA,32128,humberto.jensen@tbeatty.com,$2b$10$jdO66KojZTAyG0SHrCWxIOwpF2ICmSHdku0CzH3wQQCvYIuqP1oIK,(627) 798-5975
Leanna,Garza,359 Gibson St,Kline Creek,GA,91029,leanna.garza@tbeatty.com,$2b$10$lWsYl/z5T6aqou0XxqZOn.I2XQrVw1534.LydXLMFF3Gl5zLwoZE.,(905) 237-9928
Jaleel,Kline,672 Williams Cir,Snyder Pond,MN,28966,jaleel.kline@tbeatty.com,$2b$10$D89RYrklrH2K5uaueh16fOIOovMswywLo/pTKQfYhLTZ89kqV16.O,(161) 944-4903
Daphne,Compton,843 Finch Ln,Crawfordburg,NM,87506,daphne.compton@tbeatty.com,$2b$10$hwx9vXz7UUkAIYiUgzZryOmdpHIr5veo84NguNsjyHpKmgqtz15x2,(286) 339-5290
Denver,Gray,952 Vaughan Rd,Rodgers Fork,MI,14618,denver.gray@tbeatty.com,$2b$10$R7691ZZSIBxsos2RptLE9eisVsublZfN/FvsBqG67X/UcIPHlPNzG,(74) 444-1316
Jackson,Carrillo,692 Levine Ct,Chang Pond,NY,72365,jackson.carrillo@tbeatty.com,$2b$10$xpg0eirggnFJcfxz63BRyegKQ.e4U0dx/Pb5r61Luod0u5FWmzpyW,(610) 160-8204
Chandler,Kim,783 Cherry Rd,Heath Springs,NV,23435,chandler.kim@tbeatty.com,$2b$10$c2lwnvKlul8IKFoGsRNdLOG6eBNyAt0TLXACmaBhfW3M7Xr1yFIfi,(948) 571-4090
Davonte,Gutierrez,96 Mccullough Way,Petersenmont,SD,46499,davonte.gutierrez@tbeatty.com,$2b$10$1E2rMdn8HRMRYzmCvLq3Q.B7KtVQEd6LQbnrFLO4wv89H98bdjgwa,(32) 950-6179
Chandler,Brewer,116 Cross Ct,Richmond Valley,SD,80748,chandler.brewer@tbeatty.com,$2b$10$m3Ooi5tAfKbNKwbdPWNaT.8ChAaMnivSogz8q9I8xuxRFqNjGZZTO,(451) 384-5255
Mariela,Moore,801 Bright Ave,Stokes River,VT,20936,mariela.moore@tbeatty.com,$2b$10$4Hw4cCJOpbnQIyEmdM9/jOrKZ91UI8oFIclyoZTL5VfP3/r.u9mAe,(404) 558-5419
Baby,Hughes,65 Morales Ct,Frankmont,NY,84575,baby.hughes@tbeatty.com,$2b$10$ynD/nrv/l.PZjPD.NRqh6e7y.SrwHYIwsGsgGIfgYxeRFmZiBvKUC,(304) 88-2056
Sam,Lang,235 Ware Ln,Farleytown,FL,15710,sam.lang@tbeatty.com,$2b$10$kl0gl0ciUcya9Akcz94yfuJX0ESzNrH8kLulEoW.tFaPUkIcgs9Ja,(50) 248-3304
Gabriel,Mcdaniel,968 Cervantes Dr,Foreman Fork,CA,50889,gabriel.mcdaniel@tbeatty.com,$2b$10$hKuSGwz6TKAR9AKZihBOTOwH0JajwOisDHqRRs3ZFIuwm7VQEnTlW,(191) 476-8700
Will,Sweeney,364 Beard Ln,Kiddburg,RI,53613,will.sweeney@tbeatty.com,$2b$10$69IvR9XRM7MHY9Tf43r3R.4RDRC24A6/cAV39Wa4Z8QCB8nCOBWcS,(389) 92-5966
Giancarlo,Dickson,519 Ruiz Pass,Hanson Pond,FL,24280,giancarlo.dickson@tbeatty.com,$2b$10$EKevWjXIU23oeg0njLeLzulH/0kuO2IP5Do.NPc9VYex/12lB4X66,(826) 263-8235
Albert,Reid,769 Le Blvd,Davis Lake,HI,59666,albert.reid@tbeatty.com,$2b$10$m375Ox58mbyzpXBZbXv.L.m2wNU223bqThAFSJqzSFGIeKprPBwyS,(605) 744-5396
Nathanael,Lara,846 Perkins Blvd,Beattie Springs,OH,52940,nathanael.lara@tbeatty.com,$2b$10$J0v9JlN62XNcQeT3Qk3GLOQSYqh7mBdHFUMLKPCddsLWstcZ4Wobq,(304) 618-3549
Loren,Osborne,890 Sargent Ln,Princeburg,MD,40968,loren.osborne@tbeatty.com,$2b$10$dA5JOowe8mJEshh.TTL/ref5cj2zF40zM17ElD9kPFYNurbD2cgem,(330) 642-3008
Nikki,Witt,290 Lucas Dr,Ingramburg,DC,82235,nikki.witt@tbeatty.com,$2b$10$pt3aFVXz0BWhxdO./q7dneOVEMnvpsdNyS.iQ2fVcVUUELQrh6m1e,(528) 708-4353
Deandre,Calderon,670 Barrett Blvd,Meyer River,LA,41143,deandre.calderon@tbeatty.com,$2b$10$aofRrE.HsuMAGSzFD78/cOhNB8JpW0oWukC2jT6yiRPdiQpOugKZW,(276) 578-9249
Ava,Miles,433 Bass Cir,Hoover City,VA,25439,ava.miles@tbeatty.com,$2b$10$9Lo7jInCcrGwlC1b0nGLCuGiUc.psS/OCSOxaKbh9Pe/BPj9YicUW,(516) 155-2136
Martha,Curtis,133 Blevins Ct,Cleveland Pond,DC,29559,martha.curtis@tbeatty.com,$2b$10$nqeCYqsRd71loCHYyuO9IuQoaBNmdtTDfGtEVOcnpANGsZIAd3kgu,(715) 513-3805
Edith,White,283 Washington Ave,Ruiz Island,MA,53917,edith.white@tbeatty.com,$2b$10$OeTpndF2lG72/2SI2l7RYuloxb1a1ydFWFvVmGcWrsSUGqvyVJk6m,(206) 814-3435
Westley,Merrill,940 Michael Way,Chen Island,IN,89149,westley.merrill@tbeatty.com,$2b$10$Pf22tK20UriQ/rFEefnB3e3AiP1vKcI8xtZx/xcnoNcwvrDnMM.Oi,(405) 90-5689
Leonard,Edwards,611 Brooks Way,Carter Island,MI,58683,leonard.edwards@tbeatty.com,$2b$10$sxOok94O10doQ7Whglp1deaHDVCRY0maS5WWRZloabr4mGZKlltey,(217) 431-9130
Emilie,Parrish,32 Clark Pass,Ward Fork,MA,37533,emilie.parrish@tbeatty.com,$2b$10$S9hZtkAByI01TRiyAsWZ5OBOTEHe/EoXVag2FNk3012VoXNXUICwu,(481) 224-3214
Nathanial,Ramos,945 Workman Ct,Mcintyre Springs,WA,70274,nathanial.ramos@tbeatty.com,$2b$10$QorBKZWGHEcRVdrElaKWHOeGxFHxbSMTl0oM7Cc/0R5XlI.fkQ5Jy,(863) 281-8874
Jada,Bolton,847 Brooks Way,Melendeztown,KS,11800,jada.bolton@tbeatty.com,$2b$10$g/9Cp67dEhRvSQVYigk.vemmgu9Q.fm1Ft4jG3jGgc7n8ahhk.SOi,(218) 611-1040
Brittni,Ayers,188 Landry St,Boothtown,WY,71642,brittni.ayers@tbeatty.com,$2b$10$heqOZ8G1YiMfhM1iWO.uQuTBCFsetBlsvaUSu40XbkJDPakuxla2q,(169) 694-5652
Byron,Woods,729 Erickson Way,Hermanburg,RI,43854,byron.woods@tbeatty.com,$2b$10$0TfxbHimsdxCo7gNFPI4uOSpD3IvG6Yk5KI4IaJLX8fjg1sRsPBSW,(788) 905-4311
Bryce,Briggs,116 Cantrell St,Yates Fork,SC,70861,bryce.briggs@tbeatty.com,$2b$10$cSe7oJ29RQN5CTIOPEXiw.sHuGL0l.81IAlDENDZ01Ezy195.cgI.,(901) 680-4478
Quinten,Ortiz,821 Stephens St,Davis City,IL,49750,quinten.ortiz@tbeatty.com,$2b$10$kPbYZpV6G7LHdbbCWnFkI.6MoITaut532A/BSQX1gQ2/.WQ1QGphe,(521) 238-2432
Ray,Ellis,466 Mayer Pass,Hess City,AL,14683,ray.ellis@tbeatty.com,$2b$10$1iLvjB0pCxcnAZCwC2jg2umZ43KXnIdj6epYyfLCNtZQhxvvDUGwy,(121) 817-3120
Devyn,Bell,929 Clayton Way,Witt Springs,MO,43426,devyn.bell@tbeatty.com,$2b$10$IW.zMxXzUznLJFdNjWIHc.jpUWArRbyc8j3IYGKYPedFknvzZ6xti,(270) 224-3732
Maritza,Jensen,291 Barnett Pass,Kinney Creek,DE,64789,maritza.jensen@tbeatty.com,$2b$10$uB00L0J.mViiveAPTb433.4QZcvwCgCm6aMiJdsF5bPnRYwXuxdza,(854) 807-2535
Brenton,Robinson,465 Turner Pass,Herreramont,KY,72702,brenton.robinson@tbeatty.com,$2b$10$iECKSRF5X3ZIu3QoCnt8seH4dsrw2xVKLHG6vz7eT6xSMy.oyDXsi,(510) 495-4248
Antoinette,Horton,239 Whitehead Ln,Mcdaniel Pond,RI,59146,antoinette.horton@tbeatty.com,$2b$10$clMI.KIPQQN3nxf4b.eydOOYb9lH8ZeU8UNI/FGn.sqVDHv/ZOKX6,(890) 747-1975
Jennie,Hart,484 Hickman Ln,Davenportville,CA,47269,jennie.hart@tbeatty.com,$2b$10$rWj91RTRXFbE9NXTLJeIlOSa7C.9P76NxBlm0y/KNg.ParQu7F0zm,(189) 159-3876
Brady,Avery,835 Bush Blvd,Mcpherson Bridge,VT,38142,brady.avery@tbeatty.com,$2b$10$zjlClMRelRlVsVtAfsxyNeardXcN3hDpmW42k0AAeQt8rlD6B7Ir6,(998) 989-3730
Alexia,Solomon,308 Russell Ct,Cherrytown,MT,35390,alexia.solomon@tbeatty.com,$2b$10$.r.WlER.GzGGgdHfgVLJGe9VTKkiw8QifnOJq3/F6Y7A0a9YmwyJC,(732) 653-4974
Eddy,Park,774 Neal Rd,Duke Springs,MT,60569,eddy.park@tbeatty.com,$2b$10$ZIH6f4NgyRx0w/DGzJ621.dm1AYBPQZ6Rib9G5gW0.4FOKcIza0Vm,(191) 731-4783
Jodi,Sheppard,583 Santiago Cir,Bradford Fork,IN,78998,jodi.sheppard@tbeatty.com,$2b$10$PhN2JhMCifKZet9ITxlJmOB16IQfSIMbvVukjRcC6Mn4NATx/VyMS,(181) 552-2465
Dillon,Hartman,244 Mathews Blvd,Barnettmont,PA,37207,dillon.hartman@tbeatty.com,$2b$10$u7PRbrm8n6jRAJOEJvTTEOVBzfebi0rGM4hca9nZV.0xdhb9ZRbSe,(904) 194-2042
Blair,Pruitt,935 Parsons Dr,Webstertown,MA,94969,blair.pruitt@tbeatty.com,$2b$10$ecCtdE2CaeDEkDKusTj5vu2ZCZdJ4uDnEbkQhhHEOxgsdC7bhMh8C,(237) 854-3802
Bronson,Everett,519 Hale Blvd,Sexton City,TX,32792,bronson.everett@tbeatty.com,$2b$10$dMn394d2cDNAzC7hpUorfuRgxs8mlGTSCVe62.Gu/yTAF.qvFcKXe,(460) 164-2047
Juliana,Castillo,308 Dickson Blvd,Hodges Lake,SC,25312,juliana.castillo@tbeatty.com,$2b$10$4hI/IaeKgJriyuZD.cUiBuPnVg2GkVlcCIqrJtuHGqIMPwf7K806S,(533) 728-8203
Natalia,Nash,515 Mcclure Ave,Keith Bridge,HI,62845,natalia.nash@tbeatty.com,$2b$10$Qk5FBKgiKRiU43RXJ5BJzujvJGY/Uk/qQpnw.57NaOBIveX90n9j6,(292) 121-9786
Leonardo,Schneider,798 Bender Pass,Garrisonville,HI,49012,leonardo.schneider@tbeatty.com,$2b$10$wus.FK5gHvwoZFhjEMnnROqMvHbWH1cPbbFl8UuCKCJCFpgxMa1Ea,(175) 217-6523
Cale,Rosario,510 Riley Cir,Clarkeville,OR,58037,cale.rosario@tbeatty.com,$2b$10$.fCHP0fuQ1HByqufDC49h.lHrJ0lxOpbWEyqcpHyCOfnmXF8xW8MK,(293) 33-7900
Shea,Wallace,219 Baxter Ln,Gomez River,CO,22624,shea.wallace@tbeatty.com,$2b$10$wy66hathd0JqT09rhSkI9ORqNa51pKoAX1YeEtAgiZjKb6/RA/DOa,(932) 732-8486
Deanna,Lancaster,259 Holder Rd,Farley Lake,AZ,80664,deanna.lancaster@tbeatty.com,$2b$10$ldwepg8iBB0/1DGTA/zk5.xevkZdSuK2A1HrFbeWnXQrLUoNwp7mG,(488) 223-3833
Myranda,Mendoza,588 Mercado Cir,Rodriquez Island,HI,44738,myranda.mendoza@tbeatty.com,$2b$10$qGLOUh5kaA.ImHSID2D6kOsoTJsQNvwBBHHYKr48WLjWWLwMaG4iy,(531) 966-5962
Chelsea,Poole,171 Noble Ln,O'connor City,ME,86280,chelsea.poole@tbeatty.com,$2b$10$Uj5Nx7akVFxZG.pIvZTVjem6n69DoYgMIK7o5IqoB3TzQX5wS93pC,(437) 413-1192
Codey,Farley,859 Larson Ln,Hobbs Springs,SD,80222,codey.farley@tbeatty.com,$2b$10$iF/ZwlNPk3fVGOXhpcMJl.OCTmbq5tz1OAP/F5sctir3aA2O1l08S,(514) 436-9147
Gabriela,Stokes,788 Brady St,Hamilton Island,WA,30162,gabriela.stokes@tbeatty.com,$2b$10$Kb3cQUGQ/SaV.mDhc7QuLOQwCKdSQZ4LF3GZn6YslJ3GR.SQKdUCi,(308) 30-8990
Frances,Nolan,243 Edwards Way,York Springs,TX,31452,frances.nolan@tbeatty.com,$2b$10$YSacklZc2/OpmTomBRV0keNEk3lCGB2TsT7Zu1X5rpTPb6Dyq/wt6,(266) 212-8932
Stephen,Acevedo,873 Faulkner Ave,Longburg,WA,23562,stephen.acevedo@tbeatty.com,$2b$10$wlCs8Q5euYYtYZwdNmucmekhy3u57QRZ0Z/D.VhnEj7z21XIAGVpi,(906) 211-7006
Colin,Vang,714 Cortez Ave,Whitney Springs,IN,90177,colin.vang@tbeatty.com,$2b$10$vxmNvD9Xh/xJSQQQyyBo/uFi4MMmYesp426uF46V2oh639ElKla/2,(251) 639-5901
Rachael,Shannon,633 Slater Cir,Rutledge Valley,MT,93722,rachael.shannon@tbeatty.com,$2b$10$KIrUoRFdFzM.9OpXqeASfuMkAl7LHNixkM31YWGYNKs/HEau8.iRO,(495) 528-5397
Molly,Reed,776 Knight Rd,Watkinsville,HI,44250,molly.reed@tbeatty.com,$2b$10$nGlNBfgJJPA96ZgBtX0i5.epE9VJAafVeww4vDdfMASD9zhuUVoRG,(122) 46-7491
Ron,Luna,168 Greene Ave,Moran Springs,MA,48068,ron.luna@tbeatty.com,$2b$10$DZ9COWFVdgh8nuP2yVBNCOTiKIgGdDkyi4IckSeRrlEgmnhsV0v0S,(423) 890-7660
Skyler,Barron,578 Collier Dr,Caseytown,HI,28485,skyler.barron@tbeatty.com,$2b$10$JeVj6reu4j.Kaz.oWIxB0OuljvES.HGzoD0yqhlickcTgWqlD8agq,(168) 428-5458
Jody,Rollins,403 Gardner Blvd,Mcintyre Lake,VA,83718,jody.rollins@tbeatty.com,$2b$10$oDd5.mEQRU/9yjXUzj/yAOStDG.6EE.ubyjJ7MrGu6iJZPtVDVJt.,(555) 743-1556
Taylor,Phillips,678 Bailey St,Stone River,DE,89395,taylor.phillips@tbeatty.com,$2b$10$b3oARwA6YCjjC7UtpL.a4OF6r8Ne01IuU1e/ekF.CJ9BJtxsWCn82,(91) 257-8612
Kaylynn,Combs,815 Everett Blvd,Young Springs,SD,14767,kaylynn.combs@tbeatty.com,$2b$10$mi8PRdP7G3XLfi3pSAiiAOaDmZQqRidek4muNTJOprMW5n8xLEWjq,(489) 501-3282
Savanna,Berry,658 Holcomb Rd,Yates Lake,AL,21315,savanna.berry@tbeatty.com,$2b$10$jlc5KzVuHx3j7hW03RHhUeq3HnHAflJqq8wBJWruIxkrysAE72S1q,(354) 533-4504
Kory,Powell,764 Pittman Pass,Berg Bridge,IN,56753,kory.powell@tbeatty.com,$2b$10$IY6s1daTrwXfy.SvLaBXWuVWj2DqUHPv1v3A60tJ/2o8ojnedSUCq,(380) 221-8738
Joann,Crosby,452 Clarke Blvd,Randall Valley,NV,45166,joann.crosby@tbeatty.com,$2b$10$FfYdqAbaASaVaKYBakE9yecd7pRdSCA6OMVUXcrm4B5O.xeyyhaie,(501) 536-1240
Virginia,Jones,372 Lee Blvd,Delgado Valley,CT,61459,virginia.jones@tbeatty.com,$2b$10$AvXAsZgObtiXZtR.M.ZQwuysFrxf.yQpoubpDBy0XL2ML2f1dgTaW,(502) 710-8219
Jessie,Rose,456 Alvarado Ave,Bergmont,HI,44408,jessie.rose@tbeatty.com,$2b$10$HTsIex/v7IBvLu2ApfqCTuT6lw23DO8J6P72yvxrx.de2zdX.izdC,(628) 237-2266
Myra,Franco,878 Figueroa Cir,Bradley Fork,LA,15105,myra.franco@tbeatty.com,$2b$10$E4SOpE4bxn21.tG1J6H9/O2I9U0r8uObD8t9UnuZan41gWjz87gSK,(296) 201-2857
Jerome,Foreman,362 Gay Cir,Whitaker Bridge,AL,58131,jerome.foreman@tbeatty.com,$2b$10$OXuSbz0zj0J9uGVqLYyR5OUmtu.Gb2ehvtxHdTXyh7L.Te4/bEAw2,(899) 945-9788
Damion,Andrews,720 Rodriquez Blvd,Dickerson Lake,UT,95092,damion.andrews@tbeatty.com,$2b$10$juq...aqJHsc7w6WHEj1Sec9l8sgD.1pjkBd6qDhFgClMDk8y9Ep2,(998) 928-6020
Jan,Ball,534 Duffy Rd,Mccoy Pond,DE,97486,jan.ball@tbeatty.com,$2b$10$Q11sMF6YJm4KfZbP3KG84.M.so8FOoANGqTTGzNP2KtQULnAtOJNm,(787) 887-2615
Jamar,Bright,507 Owen Ln,Mullins Island,TX,17024,jamar.bright@tbeatty.com,$2b$10$ICldHuihs/2TvebTb6zAaOeA9HIkvvzJJnat/eIYQa8J/lSMP9Ic6,(480) 453-2735
Tonya,Robbins,793 Wallace Ave,Snidermont,IL,49646,tonya.robbins@tbeatty.com,$2b$10$s6zGRLgBMYpKmBPIwx5bHuJrDJacyQdcAM2oBEzgDu5Zxs2l/62lq,(667) 206-3293
Erick,Chavez,171 Hendricks Cir,Blake Creek,WI,35320,erick.chavez@tbeatty.com,$2b$10$3NtgLVoyinlSOysUUO/EQ.VlyyM9pmrJSZrKLbnVlY7awR0rN50uS,(799) 165-4247
Kegan,White,205 Haney Cir,Bradshaw Creek,AK,62267,kegan.white@tbeatty.com,$2b$10$nLy.VkTPM5nuT.VWBEPS4uR6P8Vq4Z4UjRBtAoTfWPbS/g7GWL7da,(362) 296-4369
Melisa,Blackburn,912 Morin St,Cole Springs,KY,94576,melisa.blackburn@tbeatty.com,$2b$10$y57OYH7waYwhwZezLuys1u3dm0ziAX2zN5.5jDppd5tQuxmSkYRVO,(232) 45-6762
Skyler,Rosario,836 Smith Dr,Mayermont,SD,63464,skyler.rosario@tbeatty.com,$2b$10$hnqKGunIwSoN3sQP7BdDXOJx.6kU9JMCWhSbX4h1rw5i48EVwG6h.,(24) 834-4331
Alec,Cortez,695 Kelly Rd,Jacobs City,PA,35607,alec.cortez@tbeatty.com,$2b$10$ZWVJVL4ismugbTxgEF2cMe58M9xAHZt1Rpyby6d7aRH/oxD12IVim,(94) 523-7872
Bernardo,Kemp,736 Greer St,Marquezville,SD,49989,bernardo.kemp@tbeatty.com,$2b$10$3pg6G1sd7bQLxV8etFCu5eFOR9SQOOo.Ncg7rft.qmaYWkavxkJti,(23) 718-3825
Melissa,Hogan,444 Johnston Blvd,Wood River,AK,31869,melissa.hogan@tbeatty.com,$2b$10$sc5SfesgoqyCi8d7gfjMz.I9yUweyLqu0teeL6GVv9Gwu8Rj7.4p6,(230) 792-8194
Edgardo,Estrada,874 Taylor Blvd,Burtonmont,AL,11965,edgardo.estrada@tbeatty.com,$2b$10$WKcZZYLj24dyAprmx1RPcuez8DTyjAtacZ8tTEJoaE.vCmga/C4kG,(930) 159-4002
Kendra,Paul,549 Tyler Rd,Larsen Creek,AL,37094,kendra.paul@tbeatty.com,$2b$10$WLJsx1.k7CjFQ1QtLJ7lHOEa0Gqz80X6OjCBGf/1ps8z6zzIPnfSG,(753) 629-4472
Tory,Gilliam,570 Dickson Blvd,Mcintyre Creek,DE,64714,tory.gilliam@tbeatty.com,$2b$10$UrxhDoRZSVMN5dVKvZBKuO77CnstdQTO4Msba/9EPxqzEn25ry7DG,(858) 205-7243
Jolene,Huffman,57 Alvarado Ave,Mathews Pond,FL,26827,jolene.huffman@tbeatty.com,$2b$10$lKizPAECIXiGP3N.rLJwIO3eXexIN7BTGmrAkx9yn6crC2DEidXBO,(511) 887-4987
Liliana,Anthony,798 Heath Ct,Prince Bridge,KS,11404,liliana.anthony@tbeatty.com,$2b$10$pFNKYZrv8IS///GH/0jS1ubKH0fBYAnWwEx3zDFjlrCuS4ZChly1G,(443) 85-8317
Lee,Figueroa,260 Le Ave,Petersburg,MD,66568,lee.figueroa@tbeatty.com,$2b$10$0.ukIgujun0kAADr7PBu2e0dfdfVRqAzb8Myh3b3DYypZ9.MhQZkW,(723) 255-5504
Kelsi,Hurley,196 Valencia Way,Richburg,AR,10709,kelsi.hurley@tbeatty.com,$2b$10$ckrer65zlEiOF2tFcArCKuGPqxH72Ew9mffduqCx0uLsohUDId1Du,(89) 600-6735
Montana,Grimes,20 Justice Rd,Shaffermont,AL,21110,montana.grimes@tbeatty.com,$2b$10$EozroOKM2tikEU0wFivb3.48q05AIYqQQ9Cxce1MsAbRRtT2ZG1rm,(643) 162-7115
Jayson,Casey,363 Higgins Dr,Stout Island,NC,14316,jayson.casey@tbeatty.com,$2b$10$OhDHBeubnsb7NtLI2CDXIuwBOBe5FCIcfYp5V0/uX20pu9FaJpQNS,(949) 204-2295
Walter,Humphrey,972 Griffith Way,Gates River,MI,39862,walter.humphrey@tbeatty.com,$2b$10$b6XFICW5uN.6wXCuNv3T4OMHHZElVY1Lo/E.09j50JkftRBcnr5gi,(235) 97-1266
Jeremy,Conrad,331 Love Cir,Jackson Bridge,PA,13147,jeremy.conrad@tbeatty.com,$2b$10$zhmB1VyzIiRVDFel1qJukekLtXzfOdtMVzB/DUdWFrrqm.sJvvGTG,(741) 470-1874
Chloe,Banks,474 Powell Cir,Floyd Island,MD,52421,chloe.banks@tbeatty.com,$2b$10$9J04hjK7S.tJQpsk6A9EJ.lyYO/e3x.3cz8IYBAwr.e3RU8KV83aq,(818) 725-7661
J,Mccoy,942 Welch Ct,Guthrie Valley,MS,64330,j.mccoy@tbeatty.com,$2b$10$DX3q3mDUhv.zKfRwER3oGuvsJ.jT3u/tw6dR6GXGu5RU7NzVkWvaO,(647) 987-5830
Baby,Morse,790 Flowers Ct,Patton Springs,FL,23499,baby.morse@tbeatty.com,$2b$10$Q5M2GTK230QOS1Le7DTd.OT1bRndFf7L7bNL20rffXJGo0zKCEEOu,(256) 177-9323
Marlena,Hoffman,606 Faulkner Ct,Martinburg,NJ,95068,marlena.hoffman@tbeatty.com,$2b$10$nuYe78i7FmP/91P1rczC2eJwXE3wGC0cg0QATQDQH94AhMufwbTUS,(734) 441-1399
Nikole,Camacho,485 Fowler Pass,Small Creek,OK,35535,nikole.camacho@tbeatty.com,$2b$10$89c1Iiq9uaa5u4JJyLtKZeK8zu08Z2eMTywa0DZfejR9z/.UkPyny,(97) 690-2248
Hannah,Floyd,367 Hardy Cir,Calderon Pond,AL,83428,hannah.floyd@tbeatty.com,$2b$10$bjmWH/9eRUfdc24Rk/SBpuAB2jgT0Vd0YdbCIXZxkUosVzFF3PM.a,(951) 283-8546
Benjamin,Beck,930 Crane Dr,Brooks Island,SC,72190,benjamin.beck@tbeatty.com,$2b$10$1khDuFUuTdaV5JcbfWK8aepV7zEN5ZUdpolSwESN6dlGF26nqo4wS,(892) 923-2342
Alma,Cabrera,217 Wilkins St,Hunt Creek,TX,72058,alma.cabrera@tbeatty.com,$2b$10$tmgwft0.jmqpenZnv1Xpyupegyb/O2wENjKCayuPyK.AKLntkUxwK,(374) 865-2425
Andrew,Whitehead,214 Tyson Pass,Loganville,PA,48143,andrew.whitehead@tbeatty.com,$2b$10$cj2fg9r8u7YoC0kjj7n1YOQfAD1W9REwd9VgZ8QtrwgJPwe/WD4ui,(322) 961-4810
Sophie,Curtis,293 Lopez Rd,Schroederburg,CA,92930,sophie.curtis@tbeatty.com,$2b$10$JsnaZuQxW2BK4BO/4FL7QeabpinqnDH9MV70aIurv1zqVPo10mqSK,(481) 16-4252
Montana,Washington,858 Neal Cir,Thornton Lake,WA,83042,montana.washington@tbeatty.com,$2b$10$jtgD35RxeJssMg4KoTfTUeyLL.SCOEAy/poq32YPYNoyli14Fb1nS,(404) 199-4097
Vanessa,Leon,483 Dunlap Ave,Pacheco Fork,ME,38873,vanessa.leon@tbeatty.com,$2b$10$NhglRgrG2PgJ.M/DkoXqU.H54h1Us..aWKotSy6avvbmacOjwHczy,(875) 751-9787
Roderick,Emerson,118 Mccray Ave,Wynn Creek,AK,95216,roderick.emerson@tbeatty.com,$2b$10$lSx23Aes7eFscu4Qkh6mm.ZoeZDCH2Z8bHX1QEfre1w8rLu4pVRMG,(447) 760-4771
Jordan,Schneider,683 Mcknight Dr,Hopper Springs,KS,84889,jordan.schneider@tbeatty.com,$2b$10$wDurNka6LXpKi0AjEkttIuXMRbibTm/2nCE4KnnkYJWx84Yyiv5/y,(744) 837-7291
Kia,Mathis,757 Harrell Pass,Solis Pond,AZ,63494,kia.mathis@tbeatty.com,$2b$10$pPDaTgn3j9PtiIAr5zd3sOfWKeCgYHujDVMGhVbNiTYpYzIzTON6u,(978) 865-9415
Roxana,Graham,817 Conner Ct,O'donnell River,MD,43490,roxana.graham@tbeatty.com,$2b$10$mRcrX1CDUJsZsVV/ZxgdVOFey0f8siZhVBs7up.YgL.tF916tVhTa,(782) 657-9191
Lacy,O'donnell,142 Hoover Way,Baileymont,SC,73972,lacy.o'donnell@tbeatty.com,$2b$10$jEx6wA8BvJ4Mki082HCNnub82e6lslm4y0y2UPLsLpqaAaj0rYIm.,(241) 125-4667
Cassie,Stein,794 Slater Rd,Poole Fork,IL,80402,cassie.stein@tbeatty.com,$2b$10$SvVxliqJLZeK.0vWKeAVVeWhp.MSO7cle7rJKGNAgiKlAvAb6Jw0e,(855) 282-4773
Carrie,Webster,417 Wilkins Blvd,Arnoldtown,NC,45947,carrie.webster@tbeatty.com,$2b$10$pCh4dYQkUmMmgGdjoR6Os.LzgzWjrVQ3h2i.qyGAHDHfg5qwtudRa,(465) 551-2091
Kari,Crawford,368 Carver St,Carpenter Valley,TX,77241,kari.crawford@tbeatty.com,$2b$10$mlKZDdekIhVRDhfnusGt0.0qj/eQx1t7RR2Fciu8OdKCrk0eVkXWa,(593) 736-4850
Roy,Allison,429 Wong Ave,Winters Fork,CT,80930,roy.allison@tbeatty.com,$2b$10$TaydT6IKDzKx2mnLAbPi5eLD12r7FMl.nvduOhealkY57.2LyuB3e,(303) 823-5802
Maribel,Chang,347 Hardin Way,Lindseyville,LA,18178,maribel.chang@tbeatty.com,$2b$10$AJNvC7lhymjFv4PqwQ1rneOCZkP9HPtedA6t5JHvK/smeAj4gEmsu,(330) 725-8080
Carly,Wagner,390 Warren Blvd,Wootenburg,CA,91059,carly.wagner@tbeatty.com,$2b$10$qiTeRuq37qUQtB18hTi3eOrDs30W3bswlO1Wu550bUpZpiEYqDJn2,(581) 119-3112
Brittani,Griffith,821 Espinoza Cir,Hicksville,MS,75504,brittani.griffith@tbeatty.com,$2b$10$W8VzzTKSCvaVm4JckNMiDehGOr7B8TCbb7oDyB8dvvhZ8DPeUJrAi,(73) 337-8565
Alexa,Moss,770 Mercer Ct,Hensleyburg,NE,33307,alexa.moss@tbeatty.com,$2b$10$ezBscW7mVBC00mdELBOmfO5Nz287awQ9Z2ogWDPu3bLCPJhST6SNW,(876) 944-2018
Breonna,Barry,861 Graves Pass,Hoffmanville,WA,87756,breonna.barry@tbeatty.com,$2b$10$DaBQZ3BaoAzvWMRYxr6I8eDQYrszW.65ni1Jxa6m3SEPbkM7FZvS2,(681) 840-5711
Levi,Mills,101 Pratt St,Owen Creek,VA,66686,levi.mills@tbeatty.com,$2b$10$sBJM15/.d73HqXR4Z/CZvORcPIoIMcz0xKIoXOBoVURZM5QQYbv6W,(274) 629-9830
Clyde,Dunn,512 Galloway Ave,Key Pond,MT,17770,clyde.dunn@tbeatty.com,$2b$10$65SFjwg2E55pSIJ3bGkUfeXxp4z07RsSX/rK7KZD7uInOBC.sfUv2,(848) 43-4201
Skylar,Medina,330 Goodman Ln,Acosta Fork,MN,79066,skylar.medina@tbeatty.com,$2b$10$bu2qGB07mOTK9D6SGRD2SutDY88.xte4clCeUSygex1BqNFxLBDpi,(309) 505-2053
Stetson,Pearson,860 Marsh St,Hayden Fork,GA,58548,stetson.pearson@tbeatty.com,$2b$10$gCfKEcyY2o8xF0BB2PuxDuiYmvK/bQoMqbmWstfe93dBdT2Lbr5pm,(868) 562-2619
Francisco,Ramos,289 Serrano Cir,Burchmont,IL,28493,francisco.ramos@tbeatty.com,$2b$10$oboNLawwszsvoNy80dAcdeAGkyQLltn1TdPayOjgiHVMJVSgGRcz.,(380) 536-5742
Lincoln,Lawson,136 O'connor Ct,Mullins Lake,ND,87673,lincoln.lawson@tbeatty.com,$2b$10$HOWRhRynoFQjP2VqJxPfgu8GVly/MjAMuv7.ng9VkrhVz0hqqhZcy,(220) 353-5839
Quincy,Watson,565 Petersen Blvd,Clayton Valley,NE,81473,quincy.watson@tbeatty.com,$2b$10$gV2SP.sLx9cRlK9RsbnHlONC.caJUxN6WI5tvD6v0Ejvo4KeqA0YC,(363) 578-8188
Brianna,Nash,544 Galloway Dr,Currymont,AK,22950,brianna.nash@tbeatty.com,$2b$10$pjBC5EUaEn8bJI72xpRF9euzbjt3DhDEupgixSTnYlFckpmK4JfUq,(519) 664-9780
Kailee,Kemp,247 Montgomery Rd,Blackburn Valley,IN,40224,kailee.kemp@tbeatty.com,$2b$10$8CKQgg6WbpB3Rfcwni5YrOBetG2tO/Ekf3jat6bO0XyA.dwWdhPsG,(877) 279-4818
Patrick,Rodriquez,22 Trevino Rd,Lucas Lake,ME,72811,patrick.rodriquez@tbeatty.com,$2b$10$mDsr6v92KIAeroBPjlb.j.B65L.KaMVTRkKJct.RtRJgKHHoD8Nge,(470) 840-5458
Karly,Sawyer,471 Snider Ln,Atkinson Pond,SD,46556,karly.sawyer@tbeatty.com,$2b$10$T0ffrTCi7n9foo5PJ7hJm.sguQMnxbbFXklpAVXTHFvI8OedmPGKW,(345) 93-3982
Magdalena,Richardson,593 Shaffer Pass,Moreno Pond,ID,27031,magdalena.richardson@tbeatty.com,$2b$10$S4GkWURGjBhCmlCqo7A/Vu5vpf0p7obe1shjLCROjGlJloA7prNT6,(902) 592-3377
Emma,Rose,370 Lane Ct,Mcdonald Lake,NH,34224,emma.rose@tbeatty.com,$2b$10$5HAb6M4sxHspfv7DTdvkmO9vLjo9Q1TkXPaJj8dCeBO1UDr2Z06q2,(878) 28-1556
Alfredo,Key,662 Mercado Blvd,Wong Fork,IL,95106,alfredo.key@tbeatty.com,$2b$10$00d1V5T30cpQJ1BtdFIF5OCLKGCAW5xMPPCHh8FsHQE.9v6IHgfde,(210) 427-4504
Breanna,Jordan,92 Jacobson Blvd,Berger Creek,VT,73217,breanna.jordan@tbeatty.com,$2b$10$LfmejalN7NJUDx.nJBqI8uGEh6k8zxERcAcWNsgwmmCq9NOa07GH6,(552) 635-2890
Alan,Sykes,651 Humphrey Cir,Beatty Valley,ID,74928,alan.sykes@tbeatty.com,$2b$10$yuBUqzkq.Upru5dv644za.DSghojaslEyJkwb0WMagdKAHqS0NZnG,(80) 892-6462
Sharon,Farrell,654 Chase Dr,Wall Valley,UT,29310,sharon.farrell@tbeatty.com,$2b$10$auBhwpxv5VEchIALcg1Yi.5hsicfiO1H/PDTICCF/Op9jF.DdeuRG,(339) 185-6595
Allyson,Vega,27 Sherman Ave,Hamptontown,KS,69362,allyson.vega@tbeatty.com,$2b$10$BAr5AC94OJxyDJWrLwjMyehfvqwlU4y9k3IpipVn3L8eITYkMLOHO,(82) 937-8159
Sadie,Clayton,506 Chang St,Horton Bridge,IL,50405,sadie.clayton@tbeatty.com,$2b$10$PBy26U3p9pR9/waWoKEF8.4QQWCxVHcaO1BfcetKEiD57Sms1qT5y,(641) 479-5301
Monika,Vance,683 Bradford St,Fulton Valley,MN,67534,monika.vance@tbeatty.com,$2b$10$WVBnUxDlSFSSTfMqxOiBkOSI3QKWdGAFRXkJ.CNxlY4qC.AYahiLm,(187) 104-7655
Blake,Sears,905 Snider Pass,Barronmont,IN,72862,blake.sears@tbeatty.com,$2b$10$7Jad9/eFfkCTd3u2QChmyuJFszJefjR/5iwfngNoxUHFf1rqgtF.K,(531) 51-8803
Katarina,Nunez,856 Montoya Ave,Hodgesville,FL,25388,katarina.nunez@tbeatty.com,$2b$10$axIje3iVGEbdC1jkZrKHl.Nfa//LjRv.ATkwlbyTLzPaVY1TH4A5W,(947) 933-2759
Britany,Blanchard,313 Holden Ln,Cherry Creek,RI,33287,britany.blanchard@tbeatty.com,$2b$10$ldyolMYmyC3WclsSeFmeaOgc/7QLcrYW4kUSlBHZHNo4tvwJwxaxm,(247) 490-5138
Alexandre,Knight,489 Hodges Way,Vang Springs,MI,69692,alexandre.knight@tbeatty.com,$2b$10$lYr.dv8NDq7ilZ.NCiNysOf0RczcqAvAhnwWu4KnTNYZbRq6HVdzS,(551) 273-3137
Arianna,Avila,271 Morrison Cir,Larson River,MT,62113,arianna.avila@tbeatty.com,$2b$10$MIBYYXDk1nBf1UI30KK1h.vKgaRq2zNJE0Z0ZroKdUkJ/Y0zg23ca,(669) 307-6366
Amos,Guthrie,750 Hunter St,Lynch Lake,GA,89249,amos.guthrie@tbeatty.com,$2b$10$.X1hfSm4eC1hgbocOpfB2.7O1F9qxMcJ8YzVsw46ouv5tEXgP4JXm,(693) 798-7552
Damaris,Cunningham,454 Wagner Blvd,Wheelertown,MN,87608,damaris.cunningham@tbeatty.com,$2b$10$mS6koLWZMcv3RdD/5GhHg.1/T1aE29wMMlL1n5xhOPG7cmJmRDTg2,(169) 292-7038
Nadine,Conner,905 Ortega Blvd,Bowenburg,IL,91598,nadine.conner@tbeatty.com,$2b$10$Kl1qArbVZ3NpnB3YcVxGUeiNVu.o8PuIcjByModiDjAmSlDgZFuHe,(629) 800-4117
Billy,Ratliff,161 Hester Cir,Parrish Valley,WV,47642,billy.ratliff@tbeatty.com,$2b$10$cFAi2lmTl5vSoh.TvV1NY.vQRQqasQiBTMzrjfTWDv2tGJNBydjLi,(105) 376-5890
Makenzie,Graves,147 Park Cir,Wheeler Valley,SC,27351,makenzie.graves@tbeatty.com,$2b$10$mEkYdT.2EK05uuAAEkyjzO5S.7CgxCAbGtpgIeJKW1KR.2b8nHrCy,(270) 575-6231
Jonah,Valenzuela,266 Cruz Ave,Graham Creek,WA,64838,jonah.valenzuela@tbeatty.com,$2b$10$x2ladQMx9DGXsnHKE5zaZOl1UE4tibz6pkg1Lg1e82L1BtDMYFrhO,(304) 210-1529
Janessa,Talley,822 Vazquez Cir,Medina Bridge,TX,90944,janessa.talley@tbeatty.com,$2b$10$YJBO.R1Jnh0tBKVcm6wHcerD.eQyTDegG1Ga8RUZLhhALUgtXMFJC,(132) 357-4648
Gabriella,Fisher,296 Gardner Cir,Bird Pond,WI,73016,gabriella.fisher@tbeatty.com,$2b$10$SsmhLZft17PwZJTA21TLkeJuax4jjhVxJCFsRbNYHWWRjQbD9Ypwu,(298) 942-5199
James,O'neal,546 Zamora Rd,Fulton Bridge,SD,94105,james.o'neal@tbeatty.com,$2b$10$jsmd09J8oSC9c9fZc1b7tumTql4I2n7nE9HFfCtVOUwo05IZvjKzm,(11) 137-2248
Collin,Graham,114 English St,Cardenas Springs,WI,31990,collin.graham@tbeatty.com,$2b$10$6U68lRE3se/Csr00WZSh8eW.ET4QOLzvKBAsEUhns5A3vf6wY.0x.,(171) 295-8828
Kalie,Padilla,457 Bentley Ct,Matthews River,MT,89754,kalie.padilla@tbeatty.com,$2b$10$XuVXDGWHnvjmSCTOteOTYuURZ9JP.pRy7mzxmefOTbVYTnE9VF6YC,(404) 696-4997
Cade,Garner,528 Hampton Rd,Greene Springs,WY,16460,cade.garner@tbeatty.com,$2b$10$9dJGKH/Aw8cJ3uCk6MO63OFXTbk0UBhefkq0fVoaFaKRTd3eES7re,(372) 857-6515
Jared,Lowery,247 Baxter Ct,Snowville,SD,89663,jared.lowery@tbeatty.com,$2b$10$RZm0dOVBG2Y9mtW5h4pu7OvK.LWZYjdjyz0hpOHpBLwaYh/Z5BB9q,(66) 864-3723
Shelby,Brady,914 Cohen Blvd,Saunders Creek,OK,66246,shelby.brady@tbeatty.com,$2b$10$NfT4kinjBSLYesgvn1z0Hu1lQsIuDu0W/q3888zd0z7UvzoYy7.a2,(629) 490-4184
Dario,Golden,438 Garrison Ave,Wallville,TX,91993,dario.golden@tbeatty.com,$2b$10$S1W0sESI4NGWCnd3YpOxX.mN/Wgi7He0kF/Q0aWjNTaIMy4hJpZmu,(261) 836-7252
Bonnie,Stephens,695 Hogan Ln,Ramseyburg,CO,67681,bonnie.stephens@tbeatty.com,$2b$10$enl5PGH8hx4e28KZFd.qguSnKMMTBxwfZ1KsAHZzGlTpc15qDNcta,(118) 773-7905
Cara,Kirk,563 Herring Ln,Kelley River,OR,86721,cara.kirk@tbeatty.com,$2b$10$G.wMebzH6f02yvC7xInDvelewNcSUgNrOzUwb8amYtjmMWRvjloV6,(398) 128-2395
Bernardo,Hayden,883 Mejia Pass,Newton City,WI,92858,bernardo.hayden@tbeatty.com,$2b$10$pHVbGbQSG681djN2l7dw7eN7QhWhymhwFfiKrs0XsQN3dy.svOFpC,(327) 427-2227
Susanna,Bush,42 Gamble Way,Atkinson River,WY,84310,susanna.bush@tbeatty.com,$2b$10$DoP4QTuXMrNd9PtqkE1eTOfYSI1cm0JDHvR1zBarhFJ3m8APRYT5G,(440) 912-4954
Liam,Lancaster,27 Butler Ln,Harvey River,WI,61498,liam.lancaster@tbeatty.com,$2b$10$A9aSz3IDOXNoRBSkv3K0iugImYYjhOv0hL7/A2skirhyKOUqhAlhm,(883) 29-4824
Brady,Huff,503 Leon Cir,Dennis Creek,NY,67034,brady.huff@tbeatty.com,$2b$10$d5B6gCVzTK.AzVQFTV1IDe1pOh7NX5XzVMLdo1CK9oaULsGLiC5PC,(9) 977-9005
Jenifer,Mclaughlin,579 Dejesus St,Lester Creek,MT,27684,jenifer.mclaughlin@tbeatty.com,$2b$10$Y9Ho2GTA1avDWlKL6UICvuJud4.NPJQviCZA3gaFntQpZpW1vCHSS,(177) 797-5589
Hollie,Mcgowan,14 Salinas St,Carter Valley,FL,50868,hollie.mcgowan@tbeatty.com,$2b$10$9LdkeWHXYpGaADrA3N/zjuYQIgo4tAWTIKgt3bYgpPHXrmOMMEGfC,(503) 466-6961
Beth,Carson,647 Robles Ave,Rowland City,NH,21740,beth.carson@tbeatty.com,$2b$10$KmAeQGD2A6AbUerAyMB4WeOS0LhXfrivfXtXWfIOqQQOO/8cWnxem,(741) 110-4195
Jimmie,Mathews,670 Holman St,Joseph Lake,NC,38691,jimmie.mathews@tbeatty.com,$2b$10$f0QJhyAYM7URrHg3vafVr.iS1GzaDz2NzfdsROA7q1/zRh09DuAcK,(969) 340-5134
Perry,Walter,491 Mccarthy Dr,Kelly Creek,OK,18887,perry.walter@tbeatty.com,$2b$10$lsyDAFcwXIdnOsJQGn7fsePFNO/Ni9i6r5U1FHXGD7MSISWSrskzy,(423) 913-9386
Dandre,Richmond,852 Duke Way,Bauer Lake,NC,76153,dandre.richmond@tbeatty.com,$2b$10$eUCCERivh/KyUX/TCFaUTeri8UhEJYJkLuzTsp7PcoyvajoA0RMLG,(940) 306-6818
Elizabeth,Gilbert,427 Harmon Cir,Stewartmont,KY,25089,elizabeth.gilbert@tbeatty.com,$2b$10$QBjnp6iuCCjRLCy6cM5liueRElm5Ih0cbjDtzRk46zmblB2Y0FhQC,(554) 916-9973
Bethany,Butler,756 Morris Ct,Stout Fork,WA,59023,bethany.butler@tbeatty.com,$2b$10$PQo4radcCxqANDCcW8a6neYhtixwD0gDmE3i81Lb4xC.4mkcWpvJq,(523) 357-7330
Angelica,Conrad,63 Hickman Ave,Knapp Creek,DE,37039,angelica.conrad@tbeatty.com,$2b$10$uSwVYWR50aUhyEzjogihheHS7JZQ69OtxEuKuZz1qkbIKz0aZ.zba,(491) 721-6415
Mara,Griffith,389 Soto Pass,Solis Springs,CA,48679,mara.griffith@tbeatty.com,$2b$10$opM5AHTfW13n6pIu2a09.e6D0qgcTgk2sLvZubcwX0zYBz3cTRcTi,(379) 368-6875
Makenna,Nixon,463 Nunez Rd,Robles River,TX,64892,makenna.nixon@tbeatty.com,$2b$10$n/c6BsWFbjXO2OSIHVIbqO1wVo7sOh//GU3Aib03bjRuYcy2/l13O,(974) 832-9590
Martha,Nicholson,255 Gould Rd,Battle Fork,IN,71914,martha.nicholson@tbeatty.com,$2b$10$mxcpwWSZ5km7Lkx6JoEpeeWqQi2gZPpZbGqBBv0XKuXZ9NJB1ewUy,(654) 653-7358
Jana,Cherry,180 Webster Ln,Vance City,CO,37328,jana.cherry@tbeatty.com,$2b$10$t0XpFWa39kTZwB9tfqrt4ekkwdAAqu0wM9Xcq9TuZ3B30czq/aQUu,(42) 608-4913
Micah,Crosby,367 Bishop Blvd,Faulkner Creek,AL,18484,micah.crosby@tbeatty.com,$2b$10$IytLyn8u0bG.qIZEXh..UeV/PbOgQHWEC76JhlxGynk6w19mx6JMG,(676) 520-2054
Shaina,Thornton,841 Stevens Ave,Lindseyburg,IL,40716,shaina.thornton@tbeatty.com,$2b$10$KH2y0aSKuu8yBwdXUbXF4uFZd8XdRzpGj7cxWjSGybqdOURynptQu,(325) 425-5883
Devon,Love,419 Jefferson Blvd,Solomon Springs,LA,25624,devon.love@tbeatty.com,$2b$10$SKvUr4u59XI.ze0t530AAuS.TKSiorHBf1vZgkYJOb.uOyPvWKA0C,(520) 32-2851
Grant,Lewis,638 Reid Pass,Gallegos Creek,UT,26164,grant.lewis@tbeatty.com,$2b$10$grwnUbQmLVqbIsP7qOIu5OxBXUm09ga5mh0nYv8pnKe8ZzDHtuUKe,(438) 582-5764
Kristal,Anthony,182 Anderson Dr,Potterville,MO,56548,kristal.anthony@tbeatty.com,$2b$10$q.ZrG8I/KgCjeu3jXnZJ/..RGfonOjj.vpEro8AKIaTJZwlmUEnI6,(19) 497-3520
Kirsten,Rasmussen,187 Carroll Blvd,Meyersburg,NY,62496,kirsten.rasmussen@tbeatty.com,$2b$10$azR4VQOoyB2m/MWLPKd.GeqCW1Yw9uuCm7cuWbOn1Fb8.OWTC3UdK,(721) 230-6117
Annamarie,Fisher,389 Santana Blvd,Gilliam River,NH,34454,annamarie.fisher@tbeatty.com,$2b$10$0gsbDUZBVaiSyDBVvKzx8.v3taTjYfC3rz96OwgT/Yt0k.d6eo.Wy,(198) 957-6658
Davis,Hoffman,982 Ferguson Dr,Tyler Springs,CA,33335,davis.hoffman@tbeatty.com,$2b$10$iAoe7qUwVdkAMbImpCfSe.LeoaIeMGI.emHDkPaPYY0uLGB7XFrw6,(45) 653-2960
Tyler,Montoya,738 Wilkins Blvd,Paul Creek,GA,32718,tyler.montoya@tbeatty.com,$2b$10$YoUDRttVAP.63G8KwPdGMOVuOST.r1wP4jUrZID3Tc1edK9tqQ7Dq,(994) 370-1427
Mariela,Rowland,930 Cardenas Ave,Clark River,DC,89640,mariela.rowland@tbeatty.com,$2b$10$o1PRUhU9IVBbMksuXfUGgehvCw2Jy2tiODLUw1EbqUvV8UL92f9E6,(278) 997-7732
Danica,Dodson,523 Richard St,French City,DC,37599,danica.dodson@tbeatty.com,$2b$10$wGerrCDK3saeMdoFUHFXzO8IyXHF4yww.PISu9d.ISjCblmG31MEK,(641) 729-6686
Ronald,Cunningham,167 Leach Cir,Weaver Lake,NJ,77945,ronald.cunningham@tbeatty.com,$2b$10$zoTsroGnwE.1n.kBVw/WSuu89EuuDrXdkDqcR8Owk74Fujcym3kxW,(912) 215-7085
Jodi,Cleveland,176 Acevedo Pass,Ryan Pond,WY,58008,jodi.cleveland@tbeatty.com,$2b$10$SfNJVx5NCTteq/MLdFxGueZSS0AhP0v.LmCPiP8TXy9shdnaBRG2y,(187) 162-8771
India,Mcdaniel,497 Stark Ave,Hayes Springs,HI,18122,india.mcdaniel@tbeatty.com,$2b$10$pwKKv9ZG33eBMZ3zWd3K/uFsVjhA/NbrvpkFvmCOcVQ.bRmcHWpxq,(647) 612-8574
Julie,Bridges,886 Rodriquez Ln,Hurstville,MN,72794,julie.bridges@tbeatty.com,$2b$10$JUAe.PHGkytXvdskLiwFLu4mZnXUP66yB.HCt3/QB9hj8jV1nJr6G,(329) 268-4723
Nina,Byers,788 Orr Pass,Sandoval Island,SC,51606,nina.byers@tbeatty.com,$2b$10$Z/uRT1X9EZfLwYAHofkLde2aBxJDp9mIoevTn/cGssOmmMX3bfbsu,(805) 13-3347
Casey,Leon,228 Marks Rd,Mcfarland Lake,KY,50089,casey.leon@tbeatty.com,$2b$10$iLElt/VADzm.NhCnurLSMOfYq1WbAO2xgxXJxkezTJPID.NEocXaK,(633) 644-8654
Efren,Perry,12 Wooten Ct,Carney River,KS,12507,efren.perry@tbeatty.com,$2b$10$O1xzdJSbiWqiYYGTOv/MkusaJKQ.bWzOmQB95P6YBttyaHjyaiNwa,(662) 268-8815
Todd,Leon,19 Santos Dr,Sawyerville,CT,46405,todd.leon@tbeatty.com,$2b$10$V1XN79BLHzG6kJcz252jROcF5HbuBfaJRzZPQXxMLjZQwfMldIxFa,(287) 562-4048
Jomar,Flores,635 Tillman Dr,Dean Lake,CT,89336,jomar.flores@tbeatty.com,$2b$10$/ck2UHZeRGcVRrvyrI4R2OV7KgIcwqvMSYTGNxLMQmkK4fy3k8Aru,(80) 564-9766
Allie,Spears,144 Parker Blvd,Donovan Springs,MN,92093,allie.spears@tbeatty.com,$2b$10$pa5RUGe6nha/QzYKM8qdb.LvgXMCpFkaFjjR403z85orw1S9AZqo2,(991) 382-7805
Bobbi,Suarez,989 Pennington Rd,Garrisonburg,NM,84681,bobbi.suarez@tbeatty.com,$2b$10$QK459EMKTC.Ad9QJxvynjOX8QITkd2JX.HpfWpBDHdv1dRr/C8pgq,(556) 466-5164
Gabriela,Porter,63 Nelson Ln,Harrisville,MS,15481,gabriela.porter@tbeatty.com,$2b$10$5CBXIGXQrSe/wg28UUeP.OJX7aOKtUWpRsT9x5PGhnLCgBhftMve.,(414) 214-6731
Myra,Coffey,205 Malone Cir,Allenville,NY,45589,myra.coffey@tbeatty.com,$2b$10$6EAhW.73biC8Ee7YVCk5uuMFN6THKtmdjU170UPsLLGtWaT/vO/2a,(563) 587-2817
Ali,Fernandez,102 Schmidt Pass,Fowler City,CT,54696,ali.fernandez@tbeatty.com,$2b$10$IocdxVk6XdoLntJdu.nEM.YDZ3j77NfbfbcJzboDHBVPPOgK3NQEC,(976) 700-7529
Lesley,Hickman,670 Mccarthy Dr,Byers Fork,NM,14094,lesley.hickman@tbeatty.com,$2b$10$N3t3iamW/EvbPd1.kiaozuve2eSRLbACGe0UAaEK1QJ6PR1qXF1tK,(871) 656-6806
Nickolas,Leonard,557 Jimenez Blvd,Blackburn Valley,GA,96033,nickolas.leonard@tbeatty.com,$2b$10$GkLVkEhaOsle5kDD/iFl2.RTmDepCPayn.lAgFf3bBfM2t91HpSXW,(742) 942-2513
Breann,Travis,156 Nguyen Blvd,Johnsburg,IL,24581,breann.travis@tbeatty.com,$2b$10$3qCB/1KjAgS9gaApehXm0uVUYXufQ12FEyps8N7YVrr5wqzxyyeO.,(471) 709-3728
Diane,Mayo,482 Aguirre Ct,Downsmont,WV,93323,diane.mayo@tbeatty.com,$2b$10$ul2C6TqtnhIaH.oDamX/yuQZLZ14B0r0XdVCCG4mwOsNzWfWCK45G,(168) 51-1497
Robert,Dominguez,592 Long Pass,Sutton River,TX,15577,robert.dominguez@tbeatty.com,$2b$10$XNNgp3a.JzQTAvB3elOOJuhIEjWMS.KcNnHmXz5et7tKKsxPqXfri,(718) 624-1949
Tracy,Noel,190 Taylor St,Alford Valley,WA,67091,tracy.noel@tbeatty.com,$2b$10$0DCNRO9DF0CiTIcCOF/WI.E20cbeyTSELJHZuzW82QJnx47zcwJ5O,(769) 247-2375
Isabella,Hinton,87 Mckenzie Pass,Hammond River,NC,95632,isabella.hinton@tbeatty.com,$2b$10$.tFIaoThMkEuiAwL6X4p3OwpAPosouZlWMe1kO02hDzZdyfgoBOtS,(852) 571-4716
Kristofer,Nichols,489 Rivas Cir,Matthews Fork,MA,46306,kristofer.nichols@tbeatty.com,$2b$10$2WTyLwhC84NQL.dZtgyZvO4oqfUo5FwYiVZTasGmUr1jbrF1GQhaS,(174) 253-4530
Hakeem,Clements,477 Tran Ct,Pacemont,AZ,68264,hakeem.clements@tbeatty.com,$2b$10$3FPuzJa5kUQYLoO0NJPpDuUShXjQlUkt/p3a7H2uYb.6zaMpQKsP6,(399) 862-8054
Eleanor,Hopkins,231 Leonard Pass,Armstrongmont,MA,42372,eleanor.hopkins@tbeatty.com,$2b$10$hfgusGyZ2T0X1sCOVByVM.Snc4l53wRizZ2AlsaD9CWJ7rgLlx3Uu,(158) 165-7412
Abigail,Briggs,289 Lewis Ct,Sanford Springs,PA,28504,abigail.briggs@tbeatty.com,$2b$10$nJ8rxisFV3IudzwYs13raeDmnIB7OmK8ESSUZl4/lwbrw.UbhmPt6,(865) 692-2331
Kenya,Bruce,350 Contreras Cir,Wyattville,SD,80101,kenya.bruce@tbeatty.com,$2b$10$EYb57CGCGEG579IrFNvcg.1YoEd6D42rHu9rN4RHSCP2ZBSRTVscq,(934) 687-2080
Jefferson,Whitehead,646 Benjamin Ln,Sykesville,VA,73825,jefferson.whitehead@tbeatty.com,$2b$10$rhcoqiYRBV5Ylk1sobRlvuXIjSrUrYQtsBQfv5HlDGULOjl2DtHYC,(469) 991-1945
Griselda,Warner,103 Morgan Ct,Woods Island,IL,60864,griselda.warner@tbeatty.com,$2b$10$Y.Ji.jafH4DdTm3QIo7i.OjQ1BDcKUv4axUwiZ1blneoXPg/goQt6,(602) 279-8127
Tess,Nichols,137 Santana Dr,Ryan Pond,TN,93612,tess.nichols@tbeatty.com,$2b$10$.g84whI82wl1OUIE0XVZ9OmM.3gODSE.j4adscRtPBkKtfk1RQ/bq,(954) 395-5226
Shelby,Walls,174 Roman Rd,Berg Creek,UT,93741,shelby.walls@tbeatty.com,$2b$10$D.qNzzPbbu1bHfWVFoHb3On8BG8QFWyheCaJemUPGCLVL3IOW722O,(219) 64-5597
